CNT,CNTSCHID,STRATUM,REGION,SC001Q01TA,SC013Q01TA,SCHLTYPE,PRIVATESCH,SCHSIZE_Q,CLSIZE,TOTAT_Q,STRATIO_Q,SCRATIO_Q,SCHSEL,ABGSCIE,PROATCE,EDULEAD,NEGSCLIM,STAFFSHORT,EDUSHORT,DIGPREP,AVLRSOFT,ENCOURPG,STDTEST,TDTEST,W_NRASCHBWT,SENSCWT,vung,n_hs,sci_mean,sci_nvalid,math_mean,read_mean,qq_time_mean
VNM,70400001,VNM16,70402,2.0,1.0,3.0,1.0,4.0,43.0,3.0,4.0,3.0,1.0,3.0,5.0,-0.6172,-0.0155,1.0954,2.186,-0.9555,-1.1814764278469176,-0.5794,0.1991,-1.7613,41.270746012,28.32730592514891,2.0,42.0,0.37944562896608924,34.0,0.4197119191455491,0.5704983738121484,1853.5238095238096
VNM,70400002,VNM27,70404,2.0,1.0,3.0,1.0,4.0,18.0,4.0,4.0,1.0,3.0,3.0,5.0,1.1552,-0.565,-0.587,0.8339,0.3283,-0.6564702483261577,1.0336,1.0574,0.9893,17.958077419,12.32601787056646,4.0,42.0,0.4965496672977491,34.0,0.5660249892404868,0.6685806375533199,1671.904761904762
VNM,70400003,VNM22,70403,2.0,1.0,3.0,1.0,4.0,38.0,4.0,4.0,2.0,3.0,2.0,5.0,0.583,-0.0146,0.2632,1.0248,-0.0252,-0.299916175210575,-0.6346,2.0738,2.0128,15.768645434,10.823241312484189,3.0,42.0,0.4523595314278544,35.0,0.4946066745938718,0.6722947151979657,1568.1904761904761
VNM,70400004,VNM28,70404,5.0,1.0,3.0,1.0,,43.0,4.0,,,3.0,3.0,5.0,0.8117,0.1261,0.592,0.1,2.9476,-0.1350131625169151,0.1766,2.0707,1.8144,10.4969163,7.204845757193825,4.0,42.0,0.641677489177489,34.0,0.8559913359069043,0.8441029961076242,1654.7857142857142
VNM,70400005,VNM16,70402,2.0,1.0,3.0,1.0,4.0,43.0,4.0,4.0,,3.0,3.0,5.0,0.0385,0.6398,1.5435,1.2477,-0.7273,2.589132669225593,-0.3526,1.8786,2.0128,14.720200438,10.103612398125629,2.0,41.0,0.4709860663633042,34.0,0.5838743234141367,0.6953588794803032,1981.9024390243903
VNM,70400006,VNM33,70405,6.0,1.0,3.0,1.0,4.0,43.0,4.0,4.0,,3.0,2.0,5.0,1.0773,-2.2095,-1.4549,-0.6343,0.2764,0.8439307590330061,2.4187,0.7443,0.6501,5.5678694974,3.8216595977764736,5.0,42.0,0.5805344758760906,35.0,0.7389717529310231,0.7674292446882213,1898.595238095238
VNM,70400007,VNM15,70402,1.0,1.0,3.0,1.0,4.0,43.0,4.0,4.0,2.0,2.0,2.0,5.0,0.6782,0.3905,0.4299,1.2477,-0.6485,-0.2574136139336264,0.1994,2.0707,0.8207,12.395656371,8.508097965135908,2.0,42.0,0.39735503413892176,34.0,0.4554771429607668,0.5802361465259284,1857.0238095238096
VNM,70400008,VNM33,70405,2.0,1.0,3.0,1.0,4.0,43.0,4.0,4.0,2.0,3.0,3.0,5.0,2.7868,3.5479,4.0437,2.186,-0.0735,1.1347833168548946,2.1084,1.9464,0.2479,9.7353354545,6.682113902748081,5.0,42.0,0.5029500147885241,35.0,0.5851042762649459,0.748591312165153,2268.714285714286
VNM,70400009,VNM33,70405,4.0,1.0,3.0,1.0,4.0,53.0,2.0,4.0,4.0,3.0,2.0,5.0,0.587,-0.0552,1.1027,0.3884,-1.0388,-0.05052741953055702,1.1229,1.0341,0.1718,15.904260891,10.916324692598057,5.0,42.0,0.4789902747356164,35.0,0.5022690532920712,0.6255809945108722,2308.095238095238
VNM,70400010,VNM25,70404,5.0,2.0,1.0,2.0,2.0,23.0,3.0,1.0,1.0,3.0,2.0,5.0,1.0219,-0.5312,-1.4549,-1.421,0.2803,2.589132669225593,1.0936,0.0167,0.5541,78.037894737,53.56344460860498,4.0,40.0,0.5613064456678586,32.0,0.709974339386104,0.701964575698609,1529.825
VNM,70400011,VNM22,70403,4.0,1.0,3.0,1.0,4.0,43.0,4.0,4.0,1.0,3.0,3.0,5.0,2.3494,-2.2095,-0.2966,-1.421,0.4706,0.33563128893475364,0.971,2.0707,2.0128,15.768645434,10.823241312484189,3.0,42.0,0.49987156918103215,34.0,0.546939843781949,0.6553501091563843,1654.4761904761904
VNM,70400012,VNM16,70402,2.0,1.0,3.0,1.0,4.0,43.0,4.0,4.0,2.0,3.0,3.0,1.0,-0.2255,-0.5245,-1.4549,0.8306,-0.6717,2.589132669225593,0.4281,2.0707,2.0128,9.9366788774,6.820311470944366,2.0,42.0,0.4898003105164231,34.0,0.5428786064226678,0.6070207582054014,1681.6904761904761
VNM,70400013,VNM15,70402,1.0,1.0,3.0,1.0,4.0,43.0,3.0,4.0,2.0,3.0,1.0,5.0,0.8005,-1.4172,0.3596,-0.6881,-0.7139,0.42885992130801975,-0.3526,2.0707,2.0128,16.296827411,11.185773466428742,2.0,42.0,0.41034919187093105,34.0,0.42364971597771867,0.6505211968674638,1783.452380952381
VNM,70400014,VNM03,70402,4.0,2.0,1.0,2.0,4.0,33.0,4.0,4.0,4.0,3.0,3.0,5.0,4.5621,-0.317,0.0131,-1.421,2.9476,0.6250122713152813,2.3153,2.0707,2.0128,2.4550561798,1.6850949931557053,2.0,41.0,0.5464970105286311,33.0,0.7008164380211689,0.6982205208539918,1556.121951219512
VNM,70400015,VNM04,70402,2.0,1.0,3.0,1.0,4.0,38.0,4.0,4.0,1.0,3.0,3.0,5.0,0.5865,-0.5312,-0.3162,0.8339,0.1478,-0.9885269185061469,-0.3526,2.0707,0.4546,19.551646707,13.41980776040689,2.0,42.0,0.5139435603656899,34.0,0.555799557632194,0.6831913605451179,1736.857142857143
VNM,70400016,VNM22,70403,4.0,1.0,3.0,1.0,2.0,43.0,4.0,1.0,2.0,2.0,2.0,5.0,-1.3168,-2.2095,0.028,0.2651,-0.0252,-0.8410231213250464,-0.3526,2.0707,2.0128,52.323232576,35.913482536567365,3.0,40.0,0.3372929354352279,33.0,0.3000362147457954,0.48460463889507527,2072.75
VNM,70400017,VNM26,70404,1.0,1.0,3.0,1.0,4.0,43.0,3.0,4.0,3.0,3.0,2.0,5.0,0.2284,-0.9799,1.4551,2.9592,2.9476,0.13627609826100104,1.1848,2.0707,1.5226,9.16,6.287216669136957,4.0,41.0,0.45767542346826245,34.0,0.4677961261542194,0.5964635025015106,1751.4146341463415
VNM,70400018,VNM10,70401,2.0,1.0,3.0,1.0,4.0,43.0,3.0,4.0,,3.0,2.0,5.0,0.141,-2.2095,1.5435,1.2477,-0.0252,1.0672639730748135,0.8038,2.0707,1.1052,17.809613283,12.224115448008796,1.0,39.0,0.43350355178418426,33.0,0.401691808788583,0.5763169669806615,1920.871794871795
VNM,70400019,VNM06,70402,2.0,1.0,3.0,1.0,4.0,13.0,3.0,4.0,4.0,3.0,2.0,5.0,2.3004,-0.3553,-0.2966,-0.6881,0.516,0.3258496404127676,1.3095,2.0707,2.0128,366.0,251.21411581922777,2.0,5.0,0.3610424901185771,4.0,0.4888888888888889,0.5777777777777777,1709.0
VNM,70400020,VNM33,70405,5.0,1.0,3.0,1.0,4.0,43.0,4.0,4.0,3.0,3.0,3.0,5.0,0.661,-0.7677,-0.587,-1.421,0.3186,-0.10722635565357394,0.9614,1.4097,-0.4272,9.2053315186,6.318331197453465,5.0,42.0,0.5321727693289999,33.0,0.5164554689279207,0.6731771080377673,1870.357142857143
VNM,70400021,VNM06,70402,3.0,1.0,3.0,1.0,4.0,48.0,4.0,4.0,2.0,3.0,3.0,5.0,-1.0086,-0.2084,0.1078,-0.9492,-0.1066,-0.2147379261341648,-0.3526,0.6811,-0.7601,17.233183857,11.828467337121433,2.0,42.0,0.5467794435941918,34.0,0.6000973108473793,0.6339426287445713,1827.1904761904761
VNM,70400022,VNM08,70401,4.0,2.0,1.0,2.0,4.0,38.0,4.0,4.0,3.0,3.0,3.0,5.0,1.1074,1.3693,-0.3162,-0.6343,0.8594,-0.15795242674989138,0.7244,0.449,0.7612,4.5214007782,3.103387155081643,1.0,42.0,0.4543310005760598,33.0,0.49694439072600166,0.6179066857025901,1702.3333333333333
VNM,70400023,VNM10,70401,2.0,1.0,3.0,1.0,3.0,53.0,1.0,4.0,4.0,3.0,3.0,5.0,-0.2419,-0.9799,0.7642,1.2477,-0.6171,-0.20175343694568762,1.1137,1.3786,0.0009,28.087097628,19.278348077995492,1.0,37.0,0.3681428716211325,30.0,0.4027467454886809,0.5342066877738875,1813.972972972973
VNM,70400024,VNM28,70404,4.0,1.0,3.0,1.0,4.0,43.0,2.0,4.0,4.0,3.0,3.0,5.0,0.467,-0.5245,-0.4317,1.2477,-0.0252,-0.92239258690617,4.243,-0.1674,-0.5637,21.531325301,14.778614338543397,4.0,40.0,0.2519963958143306,32.0,0.3475862068965518,0.7970209970950103,1863.475
VNM,70400025,VNM15,70402,1.0,1.0,3.0,1.0,4.0,43.0,4.0,4.0,1.0,2.0,3.0,5.0,-0.1169,-0.5312,1.0816,1.2477,-0.7601,1.16395513589834,-1.4842,0.487,0.1724,14.897795824,10.225509851315692,2.0,42.0,0.3951128883194101,36.0,0.3871707178224753,0.5910532430197344,1615.0714285714287
VNM,70400026,VNM22,70403,2.0,1.0,3.0,1.0,3.0,43.0,3.0,1.0,1.0,3.0,3.0,5.0,1.9159,-2.2095,0.592,1.7368,1.6419,1.4815557414484912,1.1229,2.0707,2.0128,17.939394026,12.31319401249816,3.0,41.0,0.447051743178909,35.0,0.4931251041146093,0.5972107317127738,1917.658536585366
VNM,70400027,VNM32,70405,1.0,1.0,3.0,1.0,4.0,43.0,3.0,4.0,1.0,3.0,3.0,5.0,0.3005,-0.565,-1.4549,0.1,0.1532,-0.048969280827939735,0.8038,2.0707,2.0128,21.053439048,14.450604031140232,5.0,41.0,0.4422279852652524,35.0,0.47913997919385853,0.6062804729911485,1598.5365853658536
VNM,70400028,VNM07,70401,1.0,1.0,3.0,2.0,3.0,13.0,3.0,4.0,4.0,1.0,1.0,5.0,-1.1612,-0.3553,0.1756,-0.6881,-0.5618,-1.1214015245348965,0.1967,0.5493,0.4108,62.416666667,42.84138723807069,1.0,10.0,0.35286561264822136,8.0,0.3274535809018568,0.5623176413190094,1509.8
VNM,70400029,VNM15,70402,1.0,1.0,3.0,1.0,3.0,38.0,2.0,4.0,3.0,3.0,3.0,,1.0378,1.975,0.1963,-0.6881,0.9391,-0.980476535209291,0.8219,2.0707,2.0128,305.75952381,209.86641646786143,2.0,7.0,0.3201446586539754,7.0,0.28160919540229884,0.4802078179119248,2602.1428571428573
VNM,70400030,VNM15,70402,1.0,1.0,3.0,1.0,3.0,43.0,3.0,1.0,2.0,3.0,3.0,5.0,0.9363,-0.5562,-0.2966,-0.2692,0.961,0.47326687433261155,0.7268,2.0707,2.0128,18.885147059,12.96233748782179,2.0,39.0,0.3354196676005933,31.0,0.30492104108490736,0.5017745990600435,1892.051282051282
VNM,70400031,VNM30,70405,5.0,2.0,1.0,2.0,4.0,43.0,4.0,4.0,3.0,3.0,3.0,5.0,1.8044,0.2217,-1.4549,-1.421,2.9476,1.893769991552013,2.1084,2.0707,0.2479,4.2128681178,2.891617320426616,5.0,42.0,0.4798441369026528,35.0,0.5132403756558345,0.6456165934632299,2005.8809523809523
VNM,70400032,VNM15,70402,1.0,1.0,3.0,1.0,4.0,53.0,3.0,4.0,3.0,3.0,3.0,5.0,1.1727,2.1239,-1.4549,-1.421,-0.0252,-0.603493532437171,0.1766,2.0707,-0.0031,14.693249428,10.085113834880858,2.0,41.0,0.4630581649356353,33.0,0.5369158272357734,0.5685336182527435,1738.6341463414635
VNM,70400033,VNM10,70401,1.0,1.0,3.0,1.0,3.0,33.0,3.0,3.0,1.0,3.0,3.0,5.0,1.5418,0.1199,-1.4549,-0.6881,-0.1588,-0.06740725547557729,1.1848,2.0707,0.4108,35.5301785,24.387110319062394,1.0,41.0,0.41990331705804856,34.0,0.5092485930416966,0.6202774633734407,1757.878048780488
VNM,70400034,VNM19,70403,4.0,2.0,1.0,2.0,4.0,48.0,3.0,4.0,4.0,3.0,3.0,5.0,0.5251,-0.9799,-0.3162,0.1424,-0.0252,-0.4859406236508244,0.5676,2.0707,0.5813,6.277892562,4.3090033583905365,3.0,42.0,0.3907377724577214,34.0,0.4415828829242955,0.5534507273256516,1790.5
VNM,70400035,VNM15,70402,3.0,1.0,3.0,1.0,4.0,43.0,4.0,4.0,3.0,1.0,3.0,5.0,1.8272,-0.7033,0.1202,0.1,-0.0252,0.18527090413218816,2.1084,2.0707,2.0128,15.179550827,10.418900108026866,2.0,42.0,0.31749627184409795,35.0,0.45433958903804633,0.7633502453111419,1741.2857142857142
VNM,70400036,VNM11,70401,4.0,1.0,3.0,1.0,4.0,43.0,4.0,4.0,1.0,3.0,2.0,5.0,0.4563,0.6435,0.3596,0.1,-1.0516,-0.4333101608068637,-0.3526,1.2671,1.5283,10.414340394,7.148167524369339,1.0,42.0,0.45378591752906705,35.0,0.4852421262574519,0.6440040473497601,1768.095238095238
VNM,70400037,VNM09,70401,1.0,1.0,3.0,1.0,3.0,38.0,1.0,4.0,4.0,3.0,3.0,5.0,0.5573,0.8426,0.8244,2.186,-0.4079,-0.7271058695114735,1.1848,2.0707,1.2939,122.64880952,84.18336677554014,1.0,9.0,0.29491636081309996,8.0,0.27250957854406127,0.5433006535947712,1814.0
VNM,70400038,VNM27,70404,1.0,1.0,3.0,1.0,,43.0,4.0,,,1.0,3.0,5.0,1.0937,-0.564,0.4299,0.1,-0.2028,2.589132669225593,0.5676,2.0707,2.0128,10.48729168,7.198239635873071,4.0,42.0,0.5796849144035846,34.0,0.6586650706309628,0.76393548276411,1437.9761904761904
VNM,70400039,VNM09,70401,3.0,1.0,3.0,1.0,4.0,43.0,3.0,4.0,,2.0,1.0,5.0,0.1995,-0.238,1.5435,1.2477,-3.4403,0.7132202345356695,-0.3526,,,12.750618812,8.751736150285772,1.0,41.0,0.45079036027652625,33.0,0.4463478676589862,0.6333706189300573,1834.9268292682927
VNM,70400040,VNM04,70402,1.0,1.0,3.0,1.0,4.0,38.0,4.0,4.0,1.0,3.0,2.0,5.0,2.7868,-2.2095,-1.4549,-1.421,1.3622,0.4082578651289693,4.243,2.0707,2.0128,14.641816143,10.049811192217051,2.0,39.0,0.4070880341292957,32.0,0.3934809507382361,0.6161894464380665,1828.2051282051282
VNM,70400041,VNM27,70404,1.0,1.0,3.0,1.0,4.0,43.0,3.0,4.0,2.0,2.0,2.0,5.0,0.6767,-0.1717,-0.7828,1.2477,0.3604,0.025648250375175617,1.3095,2.0707,0.8207,19.476398834,13.368159323568166,4.0,42.0,0.5068187353992981,34.0,0.5546649533094545,0.6367017015138814,1940.142857142857
VNM,70400042,VNM10,70401,1.0,1.0,3.0,1.0,4.0,43.0,3.0,4.0,4.0,1.0,3.0,5.0,-0.9061,-1.4172,1.4551,1.6864,-0.8212,-0.7200076820884393,0.9225,0.7617,0.5851,52.637301481,36.129052324206405,1.0,42.0,0.416361288814705,35.0,0.38109282033111785,0.5828232843391673,2083.2380952380954
VNM,70400043,VNM28,70404,5.0,1.0,3.0,1.0,3.0,43.0,1.0,4.0,4.0,2.0,3.0,1.0,-0.2419,0.3905,-0.4317,-1.421,-0.0784,-0.03312820401799762,-0.3526,-0.0002,0.5454,19.113368984,13.118983851481453,4.0,40.0,0.33874162296037297,32.0,0.31375144163176616,0.5483268409944613,1052.325
VNM,70400044,VNM17,70403,3.0,2.0,1.0,2.0,3.0,48.0,3.0,4.0,4.0,3.0,2.0,4.0,1.9543,-0.1717,1.0065,0.7566,0.3261,2.589132669225593,2.0503,2.0707,2.0128,1.0,0.6863773656263054,3.0,42.0,0.3706622745209701,36.0,0.36851865517140125,0.5490334284203854,1698.6666666666667
VNM,70400045,VNM28,70404,4.0,1.0,3.0,1.0,4.0,43.0,4.0,4.0,1.0,3.0,2.0,5.0,1.1383,0.3905,-0.6142,0.1,0.5026,-0.3212107374796775,0.8038,2.0707,2.0128,12.303614458,8.444922479363763,4.0,42.0,0.4821102661192176,34.0,0.6121295419752074,0.6239798890855783,1852.5238095238096
VNM,70400046,VNM18,70403,1.0,2.0,1.0,2.0,4.0,43.0,3.0,4.0,4.0,3.0,3.0,5.0,1.0896,-2.2095,-1.4549,-1.421,-0.0252,0.7490574246958663,1.2934,2.0707,2.0128,1.7560240964,1.2052951932633453,3.0,42.0,0.3666170815576235,35.0,0.4287232420001199,0.590405749137153,2251.309523809524
VNM,70400047,VNM25,70404,4.0,2.0,1.0,2.0,4.0,43.0,3.0,4.0,4.0,3.0,3.0,5.0,4.5621,-0.2093,-0.7828,-1.421,-0.0252,0.3023909966122521,1.3117,2.0707,2.0128,19.717021277,13.533317122105073,4.0,41.0,0.442207864599169,32.0,0.420427700107334,0.5779871698072733,1744.219512195122
VNM,70400048,VNM02,70402,2.0,1.0,3.0,2.0,1.0,33.0,1.0,3.0,1.0,2.0,2.0,5.0,0.7594,-0.9838,2.8705,2.9592,-1.5007,-0.0010132340918307609,-1.2679,0.8834,-1.6697,1.0,0.6863773656263054,2.0,25.0,0.28198793959663526,21.0,0.3009769668390358,0.4673263947367235,2358.2
VNM,70400049,VNM26,70404,1.0,1.0,3.0,1.0,4.0,43.0,4.0,4.0,2.0,2.0,3.0,5.0,1.5617,0.1199,1.5435,1.7368,-0.8913,0.2713147858211634,3.1472,2.0707,0.8207,4.9007782101,3.3637832373672385,4.0,42.0,0.43861966191158736,35.0,0.5080576835850679,0.5978508259322106,1659.5714285714287
VNM,70400050,VNM28,70404,2.0,1.0,3.0,1.0,4.0,13.0,4.0,4.0,2.0,3.0,2.0,5.0,0.5788,0.8426,1.5273,2.4549,-0.0252,-0.04516049733265314,1.1229,2.0707,0.5667,10.590222222,7.268888830133518,4.0,42.0,0.5388015710997077,35.0,0.5778194177044752,0.6480242776021478,1614.5
VNM,70400051,VNM28,70404,2.0,1.0,3.0,1.0,4.0,43.0,3.0,4.0,2.0,3.0,3.0,5.0,0.4334,-0.0625,-0.0719,-1.421,-0.1066,0.8670431497884957,2.7274,2.0707,2.0128,20.023529412,13.743697368349403,4.0,42.0,0.4243372590142777,35.0,0.45153351206003645,0.6109720048465205,2366.9761904761904
VNM,70400052,VNM30,70405,5.0,2.0,1.0,2.0,4.0,38.0,4.0,4.0,2.0,3.0,3.0,5.0,0.3053,-0.2404,-1.4549,-1.421,2.9476,0.19392723025783962,1.6494,0.3765,0.0031,16.786989796,11.52220983297415,5.0,41.0,0.3808011042665774,34.0,0.3665270937151974,0.59670509966237,1762.9512195121952
VNM,70400053,VNM11,70401,2.0,1.0,3.0,1.0,4.0,43.0,3.0,4.0,2.0,3.0,1.0,5.0,1.8128,-2.2095,0.2099,-1.421,2.9476,2.589132669225593,0.8038,2.0707,-0.4272,19.881922571,13.64650163786916,1.0,42.0,0.42237525086045363,35.0,0.43671764307779637,0.6247470903088688,1853.8333333333333
VNM,70400054,VNM20,70403,1.0,1.0,3.0,1.0,3.0,28.0,2.0,4.0,4.0,3.0,2.0,5.0,0.9287,0.1191,1.5435,1.2477,-0.0252,-1.4068005968976245,1.8965,2.0707,2.0128,115.73283036,79.4363952189729,3.0,40.0,0.3562924662994788,31.0,0.39651943914021204,0.5382394806311542,1666.325
VNM,70400055,VNM16,70402,4.0,1.0,3.0,1.0,4.0,48.0,4.0,4.0,4.0,3.0,2.0,5.0,-0.3081,0.1191,0.1963,-1.421,2.9476,0.7655910075958607,0.9614,2.0707,0.9893,7.9142724706,5.43217748921922,2.0,42.0,0.521837861604452,35.0,0.5872435451128455,0.6980331525029188,1471.5238095238096
VNM,70400056,VNM28,70404,5.0,1.0,3.0,1.0,4.0,43.0,4.0,4.0,3.0,3.0,2.0,5.0,0.237,-0.317,1.5435,0.7566,-0.2201,-0.8752156095213696,0.9614,1.0341,0.8207,8.6229191797,5.918576550571029,4.0,42.0,0.6262070836239636,34.0,0.8581852869352868,0.781207003133436,1688.8333333333333
VNM,70400057,VNM32,70405,4.0,1.0,3.0,1.0,4.0,48.0,4.0,4.0,4.0,3.0,3.0,5.0,1.0825,0.3905,-1.4549,-0.6881,-0.0252,0.07663401125526265,2.8843,0.7443,0.6501,9.3935315864,6.447507464200721,5.0,42.0,0.5319686426682178,35.0,0.6679029061745791,0.7196868493505713,1840.642857142857
VNM,70400058,VNM22,70403,2.0,1.0,3.0,1.0,4.0,43.0,3.0,4.0,2.0,3.0,3.0,5.0,-0.015,0.1199,0.028,0.8007,-0.7391,-0.30424433827340075,1.1848,1.1902,1.445,19.292365084,13.241842723056836,3.0,41.0,0.43686762256920364,33.0,0.3792245731421977,0.5736200224833232,1939.7317073170732
VNM,70400059,VNM06,70402,2.0,1.0,3.0,1.0,4.0,43.0,3.0,4.0,1.0,3.0,3.0,5.0,2.0937,-0.1717,-1.4549,-0.2805,-0.0252,-0.4781499301377381,2.8843,1.0256,0.5355,23.361702128,16.034943563163093,2.0,41.0,0.444009137871409,32.0,0.4561947717874167,0.6274690932151559,2140.8048780487807
VNM,70400060,VNM28,70404,4.0,1.0,3.0,1.0,4.0,38.0,3.0,4.0,4.0,3.0,3.0,5.0,1.2198,-0.317,-0.4317,-1.421,0.6908,-0.05909718239495196,1.2846,2.0707,2.0128,15.112896406,10.373150022133538,4.0,39.0,0.39674015522520956,32.0,0.37772319999655923,0.5293936141955199,1564.974358974359
VNM,70400061,VNM24,70404,1.0,2.0,1.0,2.0,3.0,38.0,2.0,4.0,2.0,3.0,2.0,1.0,0.5628,0.1199,-0.7828,0.4698,0.3771,-0.4818721503717682,0.8038,2.0707,2.0128,43.812962778,30.072225971847015,4.0,42.0,0.380506396842714,34.0,0.3823223822561654,0.5937878032808214,1646.952380952381
VNM,70400062,VNM08,70401,5.0,2.0,1.0,2.0,4.0,33.0,3.0,4.0,4.0,3.0,3.0,5.0,0.5081,0.3647,-1.4549,-0.6881,0.6337,2.589132669225593,1.4592,2.0707,2.0128,2.6774193548,1.8377200434245062,1.0,39.0,0.4040537788956762,33.0,0.4686617667287011,0.5422180068656288,1841.5384615384614
VNM,70400063,VNM15,70402,1.0,1.0,3.0,1.0,3.0,53.0,3.0,3.0,1.0,3.0,2.0,5.0,1.0234,3.5479,0.4299,0.4886,-0.2876,1.2476618095333893,0.959,2.0707,2.0128,25.6838,17.628778983272902,2.0,40.0,0.4551454404637349,32.0,0.5202273025744623,0.6729857467549777,1781.475
VNM,70400064,VNM22,70403,4.0,1.0,3.0,1.0,4.0,43.0,4.0,4.0,2.0,3.0,2.0,5.0,-0.0282,-0.9799,-0.587,0.4398,-0.0899,-0.8801497154129909,0.8038,0.7443,0.8207,12.982456203,8.910864087974028,3.0,42.0,0.5541844642995538,34.0,0.6702752636027666,0.6783048343832349,1573.8333333333333
VNM,70400065,VNM22,70403,4.0,1.0,3.0,1.0,4.0,43.0,3.0,4.0,2.0,3.0,2.0,5.0,0.141,-0.9698,-0.2966,1.2477,-0.0252,-0.26477149114043014,-0.3526,1.0341,0.6501,16.682769807,11.450675591478728,3.0,41.0,0.48948286342555114,33.0,0.5057540268429561,0.6327173446123463,1892.7317073170732
VNM,70400066,VNM15,70402,2.0,1.0,3.0,1.0,4.0,43.0,4.0,4.0,1.0,1.0,2.0,5.0,-0.0359,0.6435,-1.4549,-1.421,-0.0252,-0.2780156701126768,-0.3526,0.4856,0.4146,12.44370155,8.541075088528974,2.0,42.0,0.5367039226757898,34.0,0.6552778000032006,0.6417629897951124,1700.1190476190477
VNM,70400067,VNM33,70405,5.0,1.0,3.0,1.0,4.0,33.0,4.0,3.0,1.0,3.0,3.0,5.0,0.1555,-0.238,0.592,1.2477,-0.7641,-0.534329486693216,1.0765,0.5522,0.434,17.74950663,12.182859601866042,5.0,42.0,0.6414161994509283,34.0,0.7558247558018725,0.8420870967954377,1637.6190476190477
VNM,70400068,VNM27,70404,5.0,1.0,3.0,1.0,4.0,43.0,4.0,4.0,2.0,3.0,3.0,5.0,-0.1303,-0.5312,-0.7828,-1.421,2.9476,1.0373996479413157,1.5029,2.0707,2.0128,13.91751,9.552663849877762,4.0,41.0,0.4940450305074811,33.0,0.5557442242288416,0.6410631261970592,2064.609756097561
VNM,70400069,VNM16,70402,3.0,1.0,3.0,1.0,4.0,43.0,3.0,4.0,4.0,3.0,3.0,5.0,1.1732,0.1261,0.2632,-0.6881,1.4991,0.32645558324156315,1.6494,2.0707,1.2939,14.282657325,9.803292708876754,2.0,42.0,0.44476280539579766,34.0,0.5415040465115428,0.6512018802337025,1643.904761904762
VNM,70400070,VNM20,70403,1.0,1.0,3.0,1.0,3.0,53.0,2.0,4.0,2.0,2.0,3.0,5.0,0.9707,-0.5312,0.592,0.4592,-0.6348,-1.1232193530212833,1.166,1.4097,1.2525,62.317677885,42.77344357865498,3.0,42.0,0.35090715930818905,36.0,0.317690520055239,0.538148237546056,1793.2142857142858
VNM,70400071,VNM11,70401,4.0,1.0,3.0,1.0,4.0,43.0,4.0,4.0,1.0,3.0,3.0,5.0,-0.1169,0.3963,-1.4549,-1.421,-0.8863,-0.23369528034934148,-3.4562,2.0707,-0.912,13.213194375,9.069237546620817,1.0,42.0,0.5133431871604476,35.0,0.6261848135761179,0.6668041133883955,1872.6666666666667
VNM,70400072,VNM04,70402,2.0,1.0,3.0,1.0,4.0,48.0,4.0,4.0,1.0,3.0,3.0,1.0,0.6909,1.0318,2.3388,2.9592,0.3679,0.5526453849048354,0.4788,1.0048,2.0128,10.465144231,7.1830381281731075,2.0,42.0,0.44013374945600015,34.0,0.5209990298878516,0.5901978938109175,1958.5
VNM,70400073,VNM16,70402,2.0,1.0,3.0,1.0,3.0,13.0,2.0,4.0,3.0,3.0,3.0,5.0,-0.0786,-2.2095,-1.4549,0.0888,2.9476,0.21842463319343317,1.6494,2.0707,1.6334,64.683957692,44.39760447891835,2.0,4.0,0.3189582156973461,4.0,0.4505247376311844,0.3,1481.75
VNM,70400074,VNM24,70404,2.0,2.0,1.0,2.0,4.0,28.0,4.0,4.0,4.0,3.0,3.0,5.0,0.7806,-0.0146,-1.4549,-1.421,1.7496,2.589132669225593,1.3778,2.0707,0.0031,11.580518796,7.948605983784393,4.0,41.0,0.47484522084905706,34.0,0.522173951752756,0.6824690009178753,1377.560975609756
VNM,70400075,VNM11,70401,4.0,1.0,3.0,1.0,,43.0,3.0,,,3.0,3.0,5.0,1.5358,-0.5312,-0.2966,0.4698,2.9476,-0.21421854656662578,1.5192,2.0707,0.8556,16.220801279,11.133590850227824,1.0,42.0,0.4455037777957033,35.0,0.3820898343506158,0.6357536911747578,1883.142857142857
VNM,70400076,VNM11,70401,2.0,1.0,3.0,1.0,4.0,43.0,3.0,4.0,3.0,2.0,3.0,5.0,-0.9464,0.3905,-0.3162,-0.4447,-0.6789,0.3100085636028255,0.4995,1.2219,2.0128,17.6175925,12.092316728827756,1.0,41.0,0.4331376841305071,33.0,0.4010265913832552,0.5658063283484043,2046.9756097560976
VNM,70400077,VNM11,70401,2.0,1.0,3.0,1.0,4.0,43.0,4.0,4.0,2.0,3.0,3.0,5.0,-0.5386,-0.317,1.0816,-0.1413,1.9152,-0.39877141956551443,-0.3188,2.0707,1.2525,13.240779332,9.088171236737393,1.0,42.0,0.4802298047018543,35.0,0.5086697285260504,0.5872434427483948,1927.7857142857142
VNM,70400078,VNM29,70405,2.0,2.0,1.0,2.0,3.0,43.0,2.0,4.0,2.0,3.0,2.0,5.0,0.8516,2.6044,1.5435,1.2477,-0.0252,-0.13215657489545013,1.2325,2.0707,2.0128,6.5022624434,4.463005766511756,5.0,40.0,0.43873285868010936,32.0,0.4633717847751839,0.6148557503852562,1960.6
VNM,70400079,VNM33,70405,5.0,1.0,3.0,1.0,4.0,38.0,4.0,4.0,3.0,3.0,3.0,5.0,1.8272,-0.0146,-0.7828,0.9905,0.4431,1.3523167923925152,1.3279,2.0707,2.0128,21.707166892,14.899308026541515,5.0,42.0,0.47906715579288317,35.0,0.5258600857485238,0.6448074151706911,1709.6666666666667
VNM,70400080,VNM27,70404,2.0,1.0,3.0,1.0,4.0,43.0,4.0,4.0,2.0,3.0,3.0,5.0,1.2358,0.1199,-0.3162,-1.421,0.0268,0.07118052579610216,1.6668,2.0707,1.2528,10.705776923,7.3482029613916335,4.0,42.0,0.540376684270546,34.0,0.7283922695097371,0.7215315526539012,1904.3809523809523
VNM,70400081,VNM16,70402,4.0,1.0,3.0,1.0,4.0,43.0,4.0,4.0,2.0,2.0,2.0,5.0,0.3742,2.8581,0.4365,1.0287,-0.0252,1.3081695291516928,0.8038,0.2416,0.1214,12.692701132,8.711982765664184,2.0,42.0,0.6047446600377683,34.0,0.7620138052759242,0.7752070859303957,1752.1666666666667
VNM,70400082,VNM33,70405,2.0,1.0,3.0,1.0,4.0,43.0,3.0,4.0,3.0,3.0,3.0,5.0,0.2788,0.6398,-0.0719,-0.6343,-1.7356,-0.24616038997027953,-0.3526,1.0341,0.8207,15.154059906,10.401403716823499,5.0,42.0,0.4780759081374606,33.0,0.5795544835705019,0.7064657573249771,2136.277777777778
VNM,70400083,VNM21,70403,2.0,1.0,3.0,1.0,4.0,53.0,3.0,4.0,3.0,3.0,3.0,5.0,1.1136,-2.2095,-0.0719,-1.421,-0.0252,2.589132669225593,1.8965,2.0707,2.0128,19.467468317,13.362029618836026,3.0,42.0,0.4424884480598765,35.0,0.46408499033011086,0.5853540559902258,1797.1190476190477
VNM,70400084,VNM21,70403,3.0,1.0,3.0,1.0,3.0,13.0,2.0,4.0,2.0,3.0,3.0,1.0,0.6365,-0.5312,0.3544,-0.6881,-0.0252,0.33563128893475364,0.8038,2.0707,2.0128,54.115989908,37.14399059131277,3.0,3.0,0.21014492753623187,2.0,0.16,0.40425531914893614,1445.0
VNM,70400085,VNM14,70402,2.0,1.0,3.0,1.0,4.0,43.0,3.0,4.0,3.0,3.0,3.0,,-0.0665,-2.2095,-0.0719,2.186,-0.0226,-0.1951746290901926,1.6668,2.0707,2.0128,30.867857143,21.186998468341475,2.0,37.0,0.2800329855832574,32.0,0.2969566394612339,0.5152298113051615,1897.2162162162163
VNM,70400086,VNM15,70402,1.0,1.0,3.0,1.0,3.0,43.0,3.0,4.0,2.0,3.0,3.0,5.0,-0.6374,2.1958,0.1963,1.2477,-0.9148,-0.21188133851269986,-0.5794,2.0707,-0.2436,27.676508621,18.99652907701571,2.0,41.0,0.40857841347575524,34.0,0.4178124006309127,0.5596597516385775,2774.7073170731705
VNM,70400087,VNM27,70404,1.0,1.0,3.0,1.0,4.0,38.0,4.0,4.0,1.0,3.0,3.0,5.0,1.5307,3.5479,1.5435,1.2477,-0.9555,0.33251501152951907,1.3095,2.0707,-0.4272,15.148310204,10.397457251511602,4.0,42.0,0.5241149621904099,34.0,0.6314192512006105,0.6567369798037259,1595.6666666666667
VNM,70400088,VNM22,70403,4.0,1.0,3.0,1.0,3.0,38.0,3.0,2.0,2.0,3.0,2.0,5.0,-0.3241,-2.2095,-0.7828,-1.421,-0.0503,-0.35020943000060983,0.3467,2.0707,2.0128,52.323232576,35.913482536567365,3.0,39.0,0.3698524861173083,33.0,0.35567246479622805,0.5205999655439746,2274.641025641026
VNM,70400089,VNM20,70403,1.0,1.0,3.0,1.0,1.0,33.0,1.0,4.0,2.0,1.0,1.0,5.0,0.0385,-0.9838,0.6236,0.1111,0.1827,-0.850891333108289,-0.3526,0.7068,0.2954,137.89443617,94.64761983288933,3.0,38.0,0.3156148833051008,32.0,0.24910407724819572,0.45727676334774375,2220.7894736842104
VNM,70400090,VNM16,70402,3.0,1.0,3.0,1.0,4.0,43.0,4.0,4.0,2.0,3.0,3.0,5.0,2.7413,-2.2095,0.7871,1.6864,-0.6133,-0.08497959751064979,-0.3526,2.0707,-0.4272,12.366050735,8.487777326690537,2.0,42.0,0.5205057433939422,35.0,0.5608171932686098,0.6734603710697183,1796.7857142857142
VNM,70400091,VNM14,70402,1.0,1.0,3.0,1.0,4.0,43.0,3.0,4.0,4.0,3.0,2.0,5.0,2.5401,-2.2095,0.4299,0.1,-0.0252,0.07040145644479363,2.1084,1.0341,0.8207,21.183823529,14.540096987727566,2.0,40.0,0.32996504135250937,34.0,0.3785865014175858,0.5329665641460436,1676.275
VNM,70400092,VNM28,70404,5.0,1.0,3.0,1.0,,33.0,4.0,,,3.0,3.0,5.0,0.8046,-0.7677,-0.7828,-0.9492,2.9476,2.589132669225593,0.1994,1.7871,1.5941,10.168421053,6.979374054937202,4.0,42.0,0.6229450792174578,34.0,0.7440722545528038,0.8951150187955275,1307.904761904762
VNM,70400093,VNM03,70402,4.0,2.0,1.0,2.0,3.0,43.0,2.0,4.0,2.0,3.0,2.0,5.0,0.3726,2.6077,2.0886,2.4549,2.9476,0.016385981420728637,1.4505,2.0707,0.1159,1.0555555556,0.7245094415249391,2.0,42.0,0.40021806971496404,35.0,0.40064926411700613,0.5366534841206694,1932.0238095238096
VNM,70400094,VNM11,70401,2.0,1.0,3.0,1.0,3.0,43.0,1.0,4.0,4.0,3.0,2.0,5.0,-0.0282,-0.5312,0.2832,-1.421,-0.4445,-1.1343860137233737,0.4473,0.6422,0.5851,50.7386664,34.82587217902394,1.0,37.0,0.37730735136766,31.0,0.34728531093063114,0.5159956892693016,1626.945945945946
VNM,70400095,VNM10,70401,1.0,1.0,3.0,1.0,3.0,13.0,2.0,4.0,3.0,3.0,1.0,5.0,0.1986,-0.5312,-0.2966,-0.9492,-0.0252,-0.7375800241235118,0.5859,1.2671,1.5283,52.637301481,36.129052324206405,1.0,7.0,0.4190231507622812,5.0,0.38577441077441077,0.6466200466200466,2827.5714285714284
VNM,70400096,VNM28,70404,5.0,1.0,3.0,1.0,4.0,53.0,4.0,3.0,1.0,3.0,2.0,5.0,1.0112,-2.2095,0.4299,-1.421,-0.1588,-1.4499091010033687,1.166,1.3356,1.6334,15.676315789,10.759868333979878,4.0,42.0,0.6069955123024178,34.0,0.8246220293817547,0.756327447202198,1660.7857142857142
VNM,70400097,VNM16,70402,4.0,1.0,3.0,1.0,,43.0,4.0,,,3.0,2.0,5.0,0.6212,3.5479,0.4299,0.4998,0.2359,1.6499212845924116,0.831,2.0707,2.0128,15.941070142,10.941589729330113,2.0,29.0,0.4002149132918364,26.0,0.4324169188748295,0.5062624212213607,1952.8214285714287
VNM,70400098,VNM15,70402,2.0,1.0,3.0,1.0,4.0,43.0,4.0,4.0,3.0,3.0,2.0,,-0.4203,0.3963,0.592,1.4782,-0.9994,0.0582825998688816,0.1994,0.6903,-0.9148,11.205846422,7.69143934674532,2.0,41.0,0.4627476220163968,33.0,0.5781942459313316,0.6813681168079646,1701.7317073170732
VNM,70400099,VNM32,70405,2.0,1.0,3.0,1.0,4.0,48.0,3.0,4.0,4.0,3.0,2.0,5.0,0.1323,0.397,1.5435,2.186,-0.0252,1.1289835783507083,0.7367,2.0707,2.0128,157.90079286,108.37953023355173,5.0,10.0,0.44787137681159417,8.0,0.4945833333333334,0.5228496922024624,1789.9
VNM,70400100,VNM11,70401,4.0,1.0,3.0,1.0,4.0,43.0,3.0,4.0,2.0,2.0,3.0,5.0,1.9067,-0.5312,-0.0719,-0.9492,-0.0252,1.16395513589834,1.5668,2.0707,-0.4272,8.8703962238,6.088439192153372,1.0,37.0,0.3493890416204995,30.0,0.3223264067149634,0.5495905507705094,1843.8918918918919
VNM,70400101,VNM10,70401,4.0,1.0,3.0,1.0,4.0,43.0,4.0,4.0,1.0,3.0,2.0,5.0,0.2284,0.8426,2.0886,1.7368,-0.8616,-1.2606818118966283,0.9614,0.1474,-0.7601,12.18874048,8.36607558096511,1.0,42.0,0.519553776714902,34.0,0.5754578996997398,0.6587112520417417,1903.7380952380952
VNM,70400102,VNM33,70405,2.0,1.0,3.0,1.0,4.0,43.0,4.0,4.0,2.0,3.0,2.0,5.0,0.5732,0.1199,0.2099,-0.2264,-0.0252,-0.17102347919962504,0.9614,1.3786,0.4108,10.498891176,7.206201267380145,5.0,41.0,0.4646677378204318,33.0,0.5471642059260015,0.6541667051924286,1697.0975609756097
VNM,70400103,VNM33,70405,4.0,1.0,3.0,1.0,4.0,43.0,4.0,4.0,,3.0,1.0,5.0,0.1323,0.397,-1.4549,-1.421,-0.2389,0.4105950731828951,-0.9757,2.0707,2.0128,13.275457438,9.11197350377858,5.0,42.0,0.5423506079948835,34.0,0.5643342812835596,0.700868288181609,1921.6904761904761
VNM,70400104,VNM24,70404,1.0,2.0,1.0,2.0,4.0,43.0,3.0,4.0,4.0,3.0,3.0,5.0,1.2146,0.397,-1.4549,-1.421,2.9476,1.2313879164171648,1.166,2.0707,2.0128,14.685909311,10.080075744711008,4.0,42.0,0.3689868516576591,35.0,0.3731079783925001,0.5742735475770163,1652.095238095238
VNM,70400105,VNM20,70403,1.0,1.0,3.0,1.0,2.0,38.0,2.0,4.0,4.0,1.0,3.0,5.0,1.1847,0.6398,-0.2966,0.1424,-0.4958,-0.6715322557847913,0.521,2.0707,2.0128,308.62088095,211.83038724373063,3.0,4.0,0.27735690235690236,3.0,0.25416666666666665,0.44235526966848093,3104.75
VNM,70400106,VNM20,70403,1.0,1.0,3.0,1.0,2.0,38.0,2.0,4.0,4.0,3.0,3.0,5.0,0.3792,-0.7677,-0.587,-0.056,-0.1523,-0.6649534479292961,0.8038,2.0707,2.0128,617.2417619,423.66077448746125,3.0,4.0,0.36121849165327424,4.0,0.24344827586206896,0.375,3548.25
VNM,70400107,VNM33,70405,4.0,1.0,3.0,1.0,4.0,43.0,2.0,4.0,2.0,3.0,3.0,5.0,-0.6374,-0.9698,1.0065,-1.421,0.5838,-0.4511421926257056,0.9614,2.0707,0.0063,19.649300917,13.486835399809008,5.0,41.0,0.33753646222025663,33.0,0.36470944114684073,0.6039449071828091,1883.121951219512
VNM,70400108,VNM21,70403,3.0,1.0,3.0,1.0,4.0,43.0,4.0,4.0,1.0,3.0,3.0,5.0,1.0151,0.4006,2.0886,1.4742,2.9476,0.13298669433325347,1.3257,2.0707,2.0128,11.964792901,8.2123630316527,3.0,42.0,0.449971910128728,34.0,0.4594303177614154,0.5898248761892309,1935.3809523809523
VNM,70400109,VNM18,70403,4.0,1.0,3.0,2.0,4.0,43.0,3.0,4.0,1.0,3.0,1.0,5.0,-0.1043,-0.2093,0.0131,0.2651,-0.5398,0.7917331124953281,0.9614,1.2671,0.9893,2.0413165266,1.401113459937148,3.0,42.0,0.5886024567929938,34.0,0.7482333903194307,0.7475198248566518,1644.3170731707316
VNM,70400110,VNM12,70402,1.0,2.0,1.0,2.0,4.0,43.0,2.0,4.0,4.0,3.0,3.0,5.0,0.1323,-0.1717,0.1892,-0.2376,-0.0252,0.5425174833378231,1.5029,0.7847,-0.1709,7.1202702703,4.887192350675815,2.0,39.0,0.3678608371525622,31.0,0.3622515630666554,0.5586497519407637,1906.076923076923
VNM,70400111,VNM16,70402,2.0,1.0,3.0,1.0,4.0,43.0,3.0,4.0,2.0,3.0,3.0,5.0,1.8925,-2.2095,-0.7828,-0.6841,0.0367,0.43656405155984945,0.9614,0.1994,-1.371,18.896437079,12.970086702007256,2.0,42.0,0.4021270075680014,35.0,0.4194949587675284,0.6092431455941688,1819.4761904761904
VNM,70400112,VNM15,70402,1.0,1.0,3.0,1.0,4.0,48.0,4.0,4.0,2.0,3.0,3.0,5.0,0.2064,0.062,-1.4549,-1.421,1.7496,-0.19837746975668355,2.0256,0.4422,0.2419,15.002219626,10.297183985441137,2.0,42.0,0.4667807661221983,34.0,0.5396631005484911,0.5988522563653839,1492.857142857143
VNM,70400113,VNM28,70404,5.0,1.0,3.0,1.0,4.0,33.0,4.0,2.0,1.0,3.0,3.0,5.0,1.215,-0.9838,-0.7828,-1.421,0.132,0.04062369457255259,1.1848,2.0707,2.0128,10.781900452,7.400452428688832,4.0,42.0,0.7065334665334666,34.0,0.9214335713490303,0.8751228309081039,1723.5714285714287
VNM,70400114,VNM29,70405,2.0,2.0,1.0,2.0,4.0,43.0,4.0,4.0,4.0,3.0,3.0,5.0,0.0385,3.5479,1.872,1.9225,-0.0252,-0.5485258615392843,0.7548,1.0341,0.8207,2.8855421687,1.9805708321559221,5.0,41.0,0.46022341469272415,34.0,0.412466599961529,0.610969434305239,1521.658536585366
VNM,70400115,VNM21,70403,1.0,1.0,3.0,1.0,4.0,43.0,3.0,4.0,2.0,3.0,2.0,5.0,0.3726,-0.5312,0.028,-0.4447,-0.3409,0.4323224517582803,1.1848,1.7871,1.5941,18.607706309,12.771908436719404,3.0,42.0,0.43676937512615266,34.0,0.4096523545951464,0.5485619382009546,1809.7380952380952
VNM,70400116,VNM14,70402,1.0,1.0,3.0,1.0,3.0,13.0,2.0,4.0,4.0,3.0,3.0,5.0,1.1847,-2.2095,0.0131,0.6329,-0.0252,-0.8147078899030661,1.5192,2.0707,2.0128,360.125,247.18164879617325,2.0,6.0,0.2642753623188406,5.0,0.40880958122337435,0.4280645161290323,2162.6666666666665
VNM,70400117,VNM27,70404,2.0,1.0,3.0,1.0,4.0,43.0,3.0,4.0,1.0,3.0,3.0,5.0,0.597,-2.2095,0.2099,0.8007,-0.334,0.6650910612770474,2.1084,0.7443,-0.4272,25.89304186,17.77239785991845,4.0,42.0,0.44730910704202625,35.0,0.5110790850240977,0.6276577192985013,1907.5
VNM,70400118,VNM27,70404,1.0,1.0,3.0,1.0,4.0,43.0,4.0,4.0,3.0,3.0,2.0,5.0,1.8721,-0.1717,-0.2966,-1.421,-0.3135,-0.5670503994481784,0.368,2.0707,-0.4054,12.510121348,8.586664134505645,4.0,42.0,0.4632844274475837,34.0,0.5170815029267977,0.6580719547136095,1763.404761904762
VNM,70400119,VNM10,70401,1.0,1.0,3.0,1.0,4.0,38.0,3.0,4.0,4.0,3.0,3.0,5.0,0.3078,0.3905,1.5435,-1.421,-0.5522,0.18492465108716213,-0.3526,2.0707,2.0128,25.934436861,17.80081045165493,1.0,42.0,0.45964853623383795,34.0,0.520864513426259,0.6555525568406296,2157.1428571428573
VNM,70400120,VNM32,70405,2.0,1.0,3.0,1.0,3.0,48.0,4.0,2.0,1.0,3.0,3.0,5.0,0.3733,-2.2095,0.1963,-0.2692,0.672,0.17947116562800175,1.3095,1.3786,0.5813,11.696355026,8.028113350175877,5.0,42.0,0.5111810217426159,36.0,0.5297482678441368,0.7116341501244312,1832.6904761904761
VNM,70400121,VNM16,70402,2.0,1.0,3.0,1.0,4.0,53.0,4.0,3.0,1.0,3.0,2.0,5.0,1.036,-2.2095,2.0886,2.4549,-0.7655,-0.9025696000784282,0.8219,1.3356,2.0128,14.103001258,9.67998085089051,2.0,41.0,0.48382473451527175,34.0,0.541966320882764,0.672497037493248,1713.9512195121952
VNM,70400122,VNM27,70404,2.0,1.0,3.0,1.0,3.0,48.0,4.0,1.0,1.0,3.0,2.0,5.0,1.6054,-0.7677,0.1756,-0.2692,-0.0252,0.3970046411656223,1.6291,1.0341,0.8207,9.9263072808,6.813192641792718,4.0,42.0,0.5566928826866716,35.0,0.7460459867876749,0.7436849752211239,1779.6666666666667
VNM,70400123,VNM10,70401,2.0,1.0,3.0,1.0,4.0,43.0,3.0,4.0,3.0,2.0,3.0,5.0,0.1323,-2.2095,-0.2966,0.1,-0.6539,-0.6549986728847971,-0.3526,1.3786,1.2595,22.702989457,15.582818095337446,1.0,40.0,0.42907985953440503,33.0,0.45372599899145455,0.608501746385913,1631.6
VNM,70400124,VNM10,70401,2.0,1.0,3.0,1.0,4.0,38.0,4.0,4.0,1.0,3.0,3.0,5.0,0.6314,-0.5245,-0.6142,-0.4533,-3.4403,0.019848511870989217,1.3095,2.0707,2.0128,14.928646429,10.24668500830357,1.0,42.0,0.45663825908391126,36.0,0.4749950250892474,0.6226369111546882,1795.1904761904761
VNM,70400125,VNM19,70403,2.0,2.0,1.0,2.0,4.0,43.0,3.0,4.0,2.0,3.0,3.0,5.0,1.7378,-2.2095,-1.4549,-1.421,-0.0252,-1.2736663010851055,2.7274,2.0707,2.0128,7.132629108,4.8956751771385445,3.0,41.0,0.3714652497261193,33.0,0.38509843576139724,0.5790730293370949,1469.2439024390244
VNM,70400126,VNM12,70402,2.0,2.0,1.0,2.0,4.0,43.0,3.0,4.0,4.0,3.0,2.0,5.0,0.5096,-0.0155,0.028,0.4698,-0.7917,-0.26762807876189515,0.4256,0.7068,0.5322,7.8407738095,5.381729671836341,2.0,40.0,0.3504394172732014,33.0,0.31440548287623327,0.5148719716683786,1801.075
VNM,70400127,VNM06,70402,2.0,1.0,3.0,1.0,4.0,43.0,4.0,4.0,2.0,2.0,2.0,5.0,0.141,-0.1717,0.4299,-0.3123,-0.179,-0.20409064499961355,0.8038,1.0341,0.8207,18.977777778,13.02591711670508,2.0,39.0,0.47081514324852336,31.0,0.4604350200764493,0.6024296227567056,1890.8461538461538
VNM,70400128,VNM11,70401,4.0,1.0,3.0,1.0,4.0,43.0,4.0,4.0,2.0,3.0,3.0,5.0,0.3927,-0.5312,-0.6142,-0.4447,0.0966,-0.3528928910995618,1.5192,2.0707,0.9893,11.680171823,8.017005565933342,1.0,42.0,0.5449570889468587,34.0,0.6834563754733081,0.7223361373532311,1831.0238095238096
VNM,70400129,VNM25,70404,4.0,2.0,1.0,2.0,4.0,43.0,3.0,4.0,4.0,3.0,3.0,5.0,1.5612,0.1191,-0.587,-0.6343,1.3394,-0.5062829900461052,2.7274,2.0707,0.2479,15.807249467,10.849738246957282,4.0,41.0,0.411399342345634,34.0,0.4304259701465747,0.6441068958493408,1947.341463414634
VNM,70400130,VNM13,70402,4.0,2.0,1.0,2.0,4.0,48.0,3.0,4.0,4.0,3.0,3.0,5.0,1.3579,-0.7677,-0.587,0.4668,-0.0252,0.4341402802446671,1.6668,1.4097,0.4199,5.8,3.980988720632571,2.0,42.0,0.43122864180176435,33.0,0.4840600660726124,0.6721651680107379,1793.1904761904761
VNM,70400131,VNM20,70403,2.0,1.0,3.0,1.0,4.0,43.0,3.0,4.0,4.0,3.0,3.0,5.0,1.067,0.397,1.5435,1.2477,-0.0252,2.589132669225593,0.8038,2.0707,2.0128,17.51632027,12.022805762389256,3.0,42.0,0.3887158328214229,35.0,0.4165708015303245,0.49566855736813753,1564.2619047619048
VNM,70400132,VNM09,70401,1.0,1.0,3.0,1.0,4.0,48.0,3.0,4.0,2.0,2.0,3.0,5.0,-0.5101,0.1261,0.4994,0.622,-0.481,-0.07095634918709437,-0.3526,1.2219,-0.4272,18.397321429,12.627505017017398,1.0,42.0,0.4920873179407302,34.0,0.4955507756698106,0.6520554474398426,2040.7619047619048
VNM,70400133,VNM10,70401,1.0,1.0,3.0,1.0,4.0,43.0,4.0,4.0,1.0,3.0,3.0,5.0,-0.0359,-0.5245,0.0131,1.2477,2.9476,-0.6863345734596552,0.5676,1.3356,1.6334,11.190607402,7.680979628342993,1.0,42.0,0.4232197456057523,35.0,0.49939951875945954,0.6119833004302726,2167.690476190476
VNM,70400134,VNM28,70404,3.0,1.0,3.0,1.0,4.0,43.0,4.0,4.0,1.0,3.0,3.0,5.0,0.9471,-0.9838,2.4652,1.2477,-0.0252,-0.10376382520331337,1.0382,2.0707,2.0128,9.9145631068,6.805131706581141,4.0,42.0,0.5674477696216828,35.0,0.6651011827894221,0.7317448541765407,1358.404761904762
VNM,70400135,VNM31,70405,2.0,1.0,3.0,1.0,4.0,38.0,4.0,4.0,1.0,3.0,3.0,5.0,0.7677,-0.317,0.4492,0.1111,-0.1433,-0.3106500196063828,0.9614,1.2671,1.5283,3.5294432548,2.4225299633571566,5.0,41.0,0.47368664054434806,33.0,0.5033730382006244,0.5982152201950117,1782.9268292682927
VNM,70400136,VNM02,70402,4.0,1.0,3.0,2.0,4.0,38.0,3.0,4.0,4.0,3.0,1.0,5.0,0.1467,-0.5245,0.1827,0.8372,0.4615,-0.9287117049778956,0.1766,1.0341,0.8207,1.0,0.6863773656263054,2.0,6.0,0.3974037737624694,6.0,0.09090909090909091,0.6342653003230277,2070.3333333333335
VNM,70400137,VNM16,70402,5.0,1.0,3.0,1.0,4.0,43.0,4.0,4.0,2.0,2.0,2.0,5.0,0.8552,0.085,-1.4549,0.1424,-0.7795,0.2574646640201211,1.7245,2.0707,0.1778,4.8818081277,3.3507626021838126,2.0,42.0,0.6073815889992362,34.0,0.7398719544009399,0.7859426167740424,1488.4285714285713
VNM,70400138,VNM15,70402,1.0,1.0,3.0,1.0,4.0,43.0,4.0,4.0,2.0,3.0,3.0,5.0,1.6314,-0.0155,-0.7828,0.3462,-0.0252,-0.5360607519183463,-0.453,0.7495,0.0031,12.790737052,8.779272402170536,2.0,42.0,0.43740130676776634,35.0,0.529625834732972,0.6082863505693983,1346.8809523809523
VNM,70400139,VNM20,70403,1.0,1.0,3.0,1.0,4.0,43.0,3.0,4.0,2.0,3.0,2.0,5.0,0.5251,0.1191,0.2099,1.5292,-1.4079,-0.10151318041064396,0.9614,2.0707,0.8244,21.895400338,15.028507203329758,3.0,42.0,0.4925097600191627,34.0,0.5549553968344574,0.6473898819463106,2032.2380952380952
VNM,70400140,VNM16,70402,3.0,1.0,3.0,1.0,4.0,53.0,4.0,4.0,2.0,3.0,2.0,5.0,-0.3018,0.1191,-0.6142,0.0574,0.362,0.8190871030523865,-0.3526,2.0707,2.0128,15.429200917,10.590254279129434,2.0,41.0,0.4228930964868465,32.0,0.5101129368207167,0.6355700040109317,1808.0975609756097
VNM,70400141,VNM11,70401,2.0,1.0,3.0,1.0,2.0,33.0,2.0,3.0,2.0,2.0,3.0,5.0,0.1323,-1.4172,-1.4549,0.1,-0.0252,0.09740919395682603,0.5676,0.2416,0.414,302.01587143,207.29685820945636,1.0,4.0,0.3125,2.0,0.3917837377607493,0.6641526175687666,2124.0
VNM,70400142,VNM20,70403,2.0,1.0,3.0,1.0,4.0,33.0,3.0,4.0,1.0,2.0,1.0,5.0,0.8599,-0.3467,0.2832,-1.421,-0.0784,0.11991564188351979,1.8965,0.4192,0.8207,308.62088095,211.83038724373063,3.0,7.0,0.2225021355456138,6.0,0.2917283950617284,0.452991452991453,3278.285714285714
VNM,70400143,VNM20,70403,1.0,1.0,3.0,1.0,3.0,43.0,2.0,4.0,2.0,3.0,3.0,5.0,-0.2419,-0.0625,1.9596,0.4698,-0.5419,-0.6079948220225098,-0.3526,2.0707,-1.6697,30.285226636,20.787094075813297,3.0,42.0,0.33419257943371944,35.0,0.3268806771488764,0.551086742588445,1919.2857142857142
VNM,70400144,VNM27,70404,2.0,1.0,3.0,1.0,4.0,38.0,3.0,4.0,2.0,3.0,3.0,5.0,1.9067,-0.5312,1.0816,1.2477,-0.0483,1.1702742539700655,1.7245,0.6628,-0.1258,21.411553846,14.696405922783267,4.0,42.0,0.47744605280303215,35.0,0.5845211065208418,0.6681583863861466,1991.5
VNM,70400145,VNM16,70402,1.0,1.0,3.0,1.0,4.0,43.0,1.0,4.0,4.0,3.0,3.0,5.0,0.2796,-2.2095,0.028,0.1,-0.0252,-1.331317433081944,0.9614,1.3356,1.6334,35.220584293,24.174611862848568,2.0,38.0,0.3100110342156552,31.0,0.3326977827408862,0.5395469897182306,2089.4210526315787
VNM,70400146,VNM15,70402,1.0,1.0,3.0,1.0,4.0,43.0,4.0,4.0,2.0,3.0,2.0,5.0,0.6904,2.1864,-0.0719,-0.4447,0.7497,-0.10376382520331337,0.3271,1.2671,-0.2288,11.324426808,7.772830239702951,2.0,42.0,0.4085264330724689,34.0,0.4641110393792386,0.6316079009745997,1955.9761904761904
VNM,70400147,VNM27,70404,1.0,1.0,3.0,1.0,4.0,48.0,2.0,4.0,4.0,3.0,3.0,5.0,0.5251,-0.5245,0.2099,-0.6922,-0.0252,1.4815557414484912,1.0571,2.0707,0.8207,15.357252414,10.54087045517954,4.0,41.0,0.32306724676289894,33.0,0.30352008273155223,0.5217313004753714,1562.5853658536585
VNM,70400148,VNM16,70402,2.0,1.0,3.0,1.0,1.0,33.0,1.0,2.0,1.0,3.0,2.0,5.0,0.6458,3.5479,0.9995,1.2477,-0.5816,-0.9379739739323426,0.4256,2.0738,0.4199,77.323351724,53.072998457715364,2.0,41.0,0.3373015347823532,34.0,0.3613346362198028,0.4560619725167625,2198.5365853658536
VNM,70400149,VNM33,70405,5.0,1.0,3.0,1.0,4.0,43.0,4.0,4.0,1.0,3.0,3.0,5.0,1.0116,-0.2093,0.9018,-0.4533,1.0071,0.6428443031341232,1.7397,1.0341,-0.4272,7.5681053004,5.194576178871031,5.0,42.0,0.6093581977969329,33.0,0.8287422307330775,0.7899277003682627,1560.8095238095239
VNM,70400150,VNM04,70402,2.0,1.0,3.0,1.0,4.0,43.0,4.0,4.0,1.0,3.0,3.0,5.0,0.779,-0.9698,-1.4549,0.4698,2.9476,1.044151582319324,-0.3526,2.0707,0.5667,15.850121359,10.879164543247654,2.0,38.0,0.3972335938955855,31.0,0.42108698416000645,0.59503950132868,2033.7105263157894
VNM,70400151,VNM07,70401,1.0,1.0,3.0,2.0,3.0,38.0,3.0,3.0,2.0,1.0,1.0,5.0,1.0896,-0.7033,-0.4317,2.9592,-0.3687,-1.389401381385065,1.3778,0.4802,0.8207,62.416666667,42.84138723807069,1.0,10.0,0.38599256508623514,8.0,0.32972934472934473,0.6042229242229242,2414.75
VNM,70400152,VNM01,70402,4.0,2.0,1.0,2.0,4.0,43.0,4.0,2.0,1.0,3.0,3.0,5.0,2.372,3.5479,0.8244,0.1,-0.0252,0.8668700232659826,2.1084,2.0707,0.0031,1.0,0.6863773656263054,2.0,42.0,0.5993679764395877,34.0,0.7337130357304094,0.7912447674613944,1749.357142857143
VNM,70400153,VNM20,70403,1.0,1.0,3.0,1.0,4.0,13.0,4.0,4.0,4.0,3.0,1.0,5.0,2.9181,-0.9799,0.8244,-0.3155,-0.0252,-0.07615014486248524,2.1235,1.3786,2.0128,308.62088095,211.83038724373063,3.0,12.0,0.24488902401945883,10.0,0.2575274363094163,0.30751018901832416,2212.75
VNM,70400154,VNM27,70404,1.0,1.0,3.0,1.0,4.0,43.0,4.0,4.0,2.0,1.0,2.0,5.0,0.3912,-0.5312,0.028,0.1,-0.0252,2.589132669225593,1.9082,0.6282,0.8207,14.978486099,10.280893829701856,4.0,42.0,0.49653022595477836,34.0,0.5997364756470498,0.6484824613961119,1689.095238095238
VNM,70400155,VNM15,70402,1.0,1.0,3.0,1.0,4.0,43.0,3.0,4.0,1.0,3.0,2.0,5.0,0.7178,0.1199,-1.4549,0.1,-0.3737,-0.7952311561203503,0.5859,2.0707,0.6249,22.769326241,15.628350162383489,2.0,42.0,0.3573663913726027,35.0,0.3229117392640873,0.5455872758027098,1789.1190476190477
VNM,70400156,VNM27,70404,2.0,1.0,3.0,1.0,4.0,13.0,4.0,4.0,2.0,3.0,3.0,5.0,1.5856,-0.1717,-0.1952,-0.3123,-0.6361,-0.69689529133295,0.5652,2.0707,1.6334,10.722961156,7.359997829968482,4.0,40.0,0.5519096384511404,33.0,0.7442093426069085,0.6843304176071762,1847.225
VNM,70400157,VNM27,70404,1.0,1.0,3.0,1.0,4.0,43.0,4.0,4.0,2.0,3.0,3.0,5.0,0.2151,-0.1717,0.8244,0.4998,0.5026,-0.7455438441591111,-0.3526,2.0707,0.4108,11.265438111,7.732341733254362,4.0,42.0,0.6436944342954574,34.0,0.8525526696420418,0.7758617706180007,1729.2380952380952
VNM,70400158,VNM30,70405,6.0,2.0,1.0,2.0,1.0,28.0,1.0,2.0,1.0,2.0,3.0,5.0,0.237,0.8426,-0.2966,-0.2692,-0.0177,-0.17517851573993776,0.8038,1.0341,0.8207,156.67857143,107.54062510821632,5.0,36.0,0.4285232762406676,30.0,0.45118805962555963,0.6194029152690227,1719.1666666666667
VNM,70400159,VNM25,70404,5.0,2.0,1.0,2.0,,43.0,3.0,,,3.0,3.0,5.0,0.7135,3.5479,1.5435,0.2651,-0.0252,0.29148402569393134,-0.0265,1.0341,0.0031,14.68039604,10.076291560286046,4.0,41.0,0.46480556050423527,33.0,0.4650732150264738,0.6210081647367613,1206.1707317073171
VNM,70400160,VNM33,70405,4.0,1.0,3.0,1.0,4.0,48.0,4.0,4.0,2.0,3.0,2.0,5.0,2.0093,0.1199,0.1963,0.8007,-3.4403,-0.13544597882319762,2.1084,1.0341,0.8207,3.7685169501,2.5866247365277166,5.0,42.0,0.3884272345301757,34.0,0.39834090806313033,0.6522507852605507,1949.2142857142858
VNM,70400161,VNM32,70405,1.0,1.0,3.0,1.0,4.0,43.0,3.0,4.0,2.0,2.0,1.0,5.0,0.7597,-1.2761,0.3791,-1.421,-0.2389,-0.5460155269628454,0.1994,0.5204,1.5283,34.540798438,23.708022238503645,5.0,41.0,0.45429462481252764,34.0,0.49296055842357284,0.5754148638127549,1795.3902439024391
VNM,70400162,VNM16,70402,3.0,1.0,3.0,1.0,4.0,43.0,3.0,4.0,1.0,3.0,3.0,5.0,0.6264,3.5479,0.4365,-1.421,-0.0252,-0.24841103476294893,0.7177,2.0707,2.0128,23.197005517,15.921899537177334,2.0,42.0,0.43638429806908063,36.0,0.48112953611771414,0.580348146230697,1515.047619047619
VNM,70400163,VNM09,70401,1.0,1.0,3.0,1.0,4.0,43.0,3.0,4.0,2.0,3.0,3.0,5.0,0.0385,0.6398,1.258,1.2477,-0.0784,0.8670431497884957,1.5029,2.0707,0.5813,10.599279835,7.2751057706833215,1.0,42.0,0.47541611321735544,35.0,0.5389483493030405,0.6454466320261312,1973.357142857143
VNM,70400164,VNM15,70402,2.0,1.0,3.0,1.0,4.0,43.0,4.0,4.0,1.0,3.0,3.0,5.0,0.7794,3.5479,1.8545,1.6864,-0.0252,-0.28061256795037226,2.1084,2.0707,2.0128,15.660853659,10.749255477923505,2.0,41.0,0.4456005054819283,33.0,0.5233600848951238,0.6642636702150094,2269.9024390243903
VNM,70400165,VNM15,70402,2.0,1.0,3.0,1.0,4.0,53.0,4.0,4.0,3.0,3.0,1.0,5.0,0.1467,-0.9838,-1.4549,0.1,2.9476,0.8709384965450386,0.1766,0.7383,0.2479,13.432949791,9.22007269013701,2.0,42.0,0.4224408097078904,35.0,0.44163410250631346,0.6453803676486922,1647.8333333333333
VNM,70400166,VNM27,70404,1.0,1.0,3.0,1.0,4.0,43.0,3.0,4.0,2.0,3.0,3.0,5.0,-0.6374,0.3905,0.8371,1.9359,2.9476,-1.1306637934893438,1.3778,2.0707,2.0128,22.568935135,15.490806242952265,4.0,41.0,0.5211890092005182,34.0,0.648092877341218,0.6426848768354225,1697.9756097560976
VNM,70400167,VNM05,70402,1.0,1.0,3.0,1.0,4.0,43.0,3.0,4.0,3.0,3.0,2.0,5.0,1.7572,-0.0082,-1.4549,-1.421,2.9476,-0.7518629622308366,-0.3688,2.0707,2.0128,26.060471976,17.887318101865038,2.0,41.0,0.39146824379560946,33.0,0.38463529198203533,0.5947328181504807,1967.121951219512
VNM,70400168,VNM22,70403,2.0,1.0,3.0,1.0,4.0,43.0,3.0,4.0,3.0,3.0,2.0,5.0,0.7564,-1.4172,0.8568,-0.0703,-0.1588,-0.08272895271798038,1.6494,2.0707,2.0128,17.441077525,11.971160845293664,3.0,42.0,0.45202494826855455,34.0,0.47113486321898246,0.6382716791853212,1828.2142857142858
VNM,70400169,VNM10,70401,1.0,1.0,3.0,1.0,3.0,38.0,2.0,4.0,1.0,3.0,2.0,5.0,1.8638,0.1261,0.592,0.4292,0.9676,1.7756977031981274,1.6494,2.0707,0.1778,36.818837824,25.27161691105929,1.0,41.0,0.4144739483178218,33.0,0.4342022072577629,0.5642871751475469,1578.878048780488
VNM,70400170,VNM16,70402,4.0,1.0,3.0,1.0,4.0,43.0,4.0,4.0,1.0,3.0,2.0,5.0,1.8817,-0.2093,2.4652,1.6864,0.705,0.004873067673612146,2.335,2.0707,-0.4272,15.608193968,10.71311105794023,2.0,42.0,0.44295415794776405,34.0,0.6232678563460461,0.696318159908634,1843.952380952381
VNM,70400171,VNM21,70403,1.0,1.0,3.0,1.0,2.0,43.0,1.0,4.0,4.0,2.0,1.0,5.0,-0.0552,-0.7033,0.2099,-0.2488,-0.1066,0.7833364761534461,0.1766,2.0707,2.0128,29.34648209,20.142761067333755,3.0,38.0,0.2859054129601114,31.0,0.24450193507541174,0.4327133052205409,1871.5882352941176
VNM,70400172,VNM23,70404,1.0,2.0,1.0,2.0,3.0,43.0,2.0,4.0,2.0,2.0,2.0,5.0,0.3735,0.3905,0.4299,0.4698,-0.1359,-0.10090723758184841,-0.3526,1.2219,1.1052,1.0,0.6863773656263054,4.0,42.0,0.3838756341697518,35.0,0.39352577806200617,0.5703258620841096,1504.7857142857142
VNM,70400173,VNM28,70404,2.0,1.0,3.0,1.0,4.0,43.0,4.0,4.0,1.0,3.0,3.0,5.0,1.0595,-2.2095,-1.4549,-1.421,-0.0252,0.29563906223424397,1.768,1.4133,0.9893,14.923590814,10.24321494859825,4.0,42.0,0.4573318161855712,33.0,0.6257258972756063,0.6355398919191766,1737.452380952381
VNM,70400174,VNM13,70402,4.0,2.0,1.0,2.0,4.0,53.0,2.0,4.0,3.0,3.0,3.0,5.0,3.0207,-2.2095,-1.4549,-1.421,2.9476,0.6909734763927453,2.2725,2.0707,2.0128,13.05,8.957224621423286,2.0,42.0,0.3056729949504886,34.0,0.3395200923724028,0.47900990514054353,1416.642857142857
VNM,70400175,VNM33,70405,2.0,1.0,3.0,1.0,4.0,48.0,4.0,4.0,4.0,3.0,2.0,5.0,1.5314,-0.5218,-1.4549,-1.421,-0.0252,0.3349387828447016,0.8038,1.0341,2.0128,8.2693969112,5.675926867227762,5.0,41.0,0.4910540452652446,34.0,0.5855331292130029,0.6571669464079347,1826.658536585366
VNM,70400176,VNM11,70401,4.0,1.0,3.0,1.0,4.0,43.0,4.0,4.0,2.0,3.0,2.0,5.0,0.5081,-0.9838,-0.7828,-1.421,-0.0252,0.7127008549681303,1.166,2.0707,2.0128,20.393354662,13.997537049186494,1.0,42.0,0.4987412949369472,34.0,0.620881912962002,0.6841556756144969,1661.904761904762
VNM,70400177,VNM11,70401,3.0,1.0,3.0,1.0,3.0,33.0,2.0,4.0,3.0,3.0,3.0,5.0,1.3464,-2.2095,-0.1777,-1.421,2.9476,-0.534675739738242,2.7274,2.0707,2.0128,22.490543617,15.437000079339978,1.0,9.0,0.40932954209351724,7.0,0.525,0.4449279711884754,2210.222222222222
VNM,70400178,VNM28,70404,1.0,1.0,3.0,1.0,4.0,43.0,4.0,4.0,2.0,3.0,3.0,5.0,1.2583,0.3905,0.4492,-0.2724,-0.3937,1.5630117702908712,0.9614,-0.1117,0.0208,12.453658537,8.54790933903561,4.0,42.0,0.6039997406685388,34.0,0.7467506676756218,0.7634508333442813,1626.3809523809523
VNM,70400179,VNM11,70401,2.0,1.0,3.0,1.0,4.0,38.0,4.0,4.0,1.0,3.0,3.0,5.0,-0.7133,0.1199,-0.7828,-1.421,-0.3535,0.6068339864514133,0.5859,1.0341,-0.4272,11.899312008,8.167418428816502,1.0,41.0,0.4748302954505001,35.0,0.49467860517123163,0.6578212684190814,2169.3658536585367
VNM,70400180,VNM32,70405,1.0,1.0,3.0,1.0,4.0,43.0,3.0,4.0,2.0,3.0,2.0,5.0,0.0128,-0.9838,0.2099,-1.421,-0.5631,0.11498153599189853,0.0129,1.0341,0.8207,17.54453254,12.04217002595019,5.0,42.0,0.429042954974632,35.0,0.4451777345665928,0.5989581283203681,1960.8095238095239
VNM,70400181,VNM33,70405,2.0,1.0,3.0,1.0,4.0,43.0,4.0,4.0,2.0,3.0,3.0,5.0,0.3733,-0.5245,-1.4549,-1.421,0.051,-0.28000662512157665,1.0359,2.0599,-0.2436,10.008288785,6.869462890675596,5.0,42.0,0.4366739888415081,34.0,0.4498028110943712,0.5655212150055284,1870.5238095238096
VNM,70400182,VNM11,70401,2.0,1.0,3.0,1.0,3.0,43.0,1.0,4.0,4.0,2.0,3.0,5.0,0.6779,-0.5245,0.3663,-1.421,0.0867,-1.154814943379911,1.8205,1.3786,0.8207,35.432029609,24.31974314181867,1.0,38.0,0.3816091348265261,30.0,0.30429199340964047,0.49138584006883196,1746.9473684210527
VNM,70400183,VNM01,70402,1.0,1.0,3.0,2.0,3.0,43.0,2.0,4.0,1.0,3.0,2.0,5.0,0.7748,-0.0443,0.4299,0.4292,-3.4403,0.9551645497476272,1.6494,1.3356,1.6334,1.0795454545,0.7409755651335627,2.0,42.0,0.43050298692498185,35.0,0.384614856269928,0.6408117374024767,2020.7857142857142
VNM,70400184,VNM27,70404,1.0,1.0,3.0,1.0,4.0,43.0,4.0,4.0,2.0,3.0,2.0,5.0,0.2788,-0.5312,-0.6142,0.4292,-0.1869,-0.34354405888385825,0.1766,,2.0128,9.9707534328,6.843699474514706,4.0,42.0,0.5053496695120736,34.0,0.5852227000053087,0.6998103978878693,1578.7142857142858
VNM,70400185,VNM27,70404,3.0,1.0,3.0,1.0,4.0,43.0,4.0,4.0,4.0,3.0,3.0,5.0,0.237,0.8426,1.5435,1.2477,-0.8098,-0.10913074740121724,0.7055,1.4133,-0.3058,7.3816627624,5.066606240797908,4.0,42.0,0.4872368232181896,35.0,0.6649735008874471,0.6878000487999594,1690.6190476190477
VNM,70400186,VNM10,70401,1.0,1.0,3.0,1.0,4.0,43.0,3.0,4.0,1.0,3.0,3.0,5.0,0.9518,-0.7677,0.1827,-0.9434,2.9476,2.589132669225593,0.9614,2.0707,2.0128,23.222338889,15.939287790313124,1.0,42.0,0.414149291012645,35.0,0.46528883477169514,0.6052796107739259,1874.9285714285713
VNM,70400187,VNM16,70402,4.0,1.0,3.0,1.0,4.0,48.0,4.0,4.0,2.0,3.0,2.0,5.0,1.1806,-2.2095,0.2099,2.186,-0.8955,-0.2903942164723584,0.5676,2.0707,2.0128,10.627380095,7.294393153115535,2.0,42.0,0.5803735470472773,35.0,0.814861945386242,0.7483193043014853,1866.1666666666667
VNM,70400188,VNM10,70401,2.0,1.0,3.0,1.0,4.0,43.0,3.0,4.0,1.0,3.0,3.0,5.0,0.5816,-0.1717,0.8305,0.0574,-0.2665,0.31676049798083344,0.9614,-0.044,-1.1475,18.081515776,12.410743164861362,1.0,41.0,0.5110602218420779,33.0,0.5034517669660155,0.6545017094274072,1978.8536585365853
VNM,70400189,VNM10,70401,1.0,1.0,3.0,1.0,3.0,33.0,3.0,4.0,4.0,3.0,3.0,1.0,-0.2482,-1.2761,-0.0719,0.0857,-0.0252,-1.0296444676029912,0.1994,2.0707,0.1568,338.38265238,232.2581935142263,1.0,4.0,0.6225490196078431,2.0,0.4827586206896552,0.5781119465329992,2541.5
VNM,70400190,VNM27,70404,1.0,1.0,3.0,1.0,4.0,43.0,3.0,4.0,3.0,3.0,2.0,5.0,1.7117,-2.2095,-0.0719,0.9868,2.9476,0.4323224517582803,0.5859,1.4133,-0.2995,15.182738182,10.421087836355081,4.0,42.0,0.35178142616122154,34.0,0.42322575916692834,0.5373632369834254,1343.2142857142858
VNM,70400191,VNM16,70402,5.0,1.0,3.0,1.0,4.0,43.0,4.0,4.0,2.0,3.0,3.0,5.0,1.8638,-0.7033,-0.7828,0.5917,-0.2284,-0.1219421100671814,0.604,1.201,-0.1337,16.01698,10.99369253768922,2.0,40.0,0.539541211972042,33.0,0.63107253041785,0.7401053499550103,1819.95
VNM,70400192,VNM31,70405,1.0,1.0,3.0,1.0,3.0,38.0,3.0,4.0,2.0,1.0,3.0,5.0,1.5314,0.397,0.0053,0.8339,0.5541,-0.19006739667605824,1.7245,1.2671,-0.3058,8.675,5.9543236468081995,5.0,40.0,0.4365372947598012,34.0,0.37213169896739884,0.5388317050400727,2010.2
VNM,70400193,VNM11,70401,1.0,1.0,3.0,1.0,4.0,43.0,4.0,4.0,2.0,3.0,1.0,5.0,0.6904,0.1191,0.028,-1.421,1.0248,-0.934684570004595,1.4863,0.3478,0.2479,11.245271809,7.718500040013177,1.0,42.0,0.50702088525691,35.0,0.5043686740727735,0.6305900763794139,1878.6190476190477
VNM,70400194,VNM25,70404,4.0,2.0,1.0,2.0,2.0,18.0,3.0,1.0,2.0,3.0,3.0,5.0,1.4473,-0.317,-1.4549,-1.421,2.9476,1.59781020131599,1.3095,2.0707,2.0128,176.51428571,121.1554104210388,4.0,18.0,0.5706499332275728,14.0,0.5898932609258696,0.7384512877146172,1908.111111111111
VNM,70400195,VNM30,70405,4.0,2.0,1.0,2.0,4.0,48.0,4.0,4.0,4.0,3.0,3.0,5.0,0.8798,0.0912,0.4299,-0.6481,-0.0252,0.04373997197778715,0.1766,2.0707,-0.0797,8.8447580645,6.07084173991353,5.0,42.0,0.6441190586906701,34.0,0.8631363210952582,0.8206958441906518,1522.2857142857142
